sku_id,单品,渠道类型,渠道,是否目标品牌,规格数值,规格单位,价格元,价格类型,城市,采价日期,数据来源,来源链接,备注
PF-01,乐事 原味(黄瓜味)薯片 袋装,量贩零食,零食很忙,是,,,,标价,,,门店实地采价,,
PF-01,乐事 原味(黄瓜味)薯片 袋装,量贩零食,赵一鸣零食,是,,,,标价,,,门店实地采价,,
PF-01,乐事 原味(黄瓜味)薯片 袋装,商超,大润发,否,,,,标价,,,门店实地采价,,
PF-01,乐事 原味(黄瓜味)薯片 袋装,商超,盒马鲜生,否,,,,标价,,,门店实地采价,,
PF-01,乐事 原味(黄瓜味)薯片 袋装,商超,永辉超市,否,,,,标价,,,门店实地采价,,
PF-01,乐事 原味(黄瓜味)薯片 袋装,电商,淘宝,否,,,,标价,,,门店实地采价,,
PF-01,乐事 原味(黄瓜味)薯片 袋装,电商,拼多多,否,,,,标价,,,门店实地采价,,
PF-02,乐事 大波浪 铁板鱿鱼味 薯片,量贩零食,零食很忙,是,,,,标价,,,门店实地采价,,
PF-02,乐事 大波浪 铁板鱿鱼味 薯片,量贩零食,赵一鸣零食,是,,,,标价,,,门店实地采价,,
PF-02,乐事 大波浪 铁板鱿鱼味 薯片,商超,大润发,否,,,,标价,,,门店实地采价,,
PF-02,乐事 大波浪 铁板鱿鱼味 薯片,商超,盒马鲜生,否,,,,标价,,,门店实地采价,,
PF-02,乐事 大波浪 铁板鱿鱼味 薯片,商超,永辉超市,否,,,,标价,,,门店实地采价,,
PF-02,乐事 大波浪 铁板鱿鱼味 薯片,电商,淘宝,否,,,,标价,,,门店实地采价,,
PF-02,乐事 大波浪 铁板鱿鱼味 薯片,电商,拼多多,否,,,,标价,,,门店实地采价,,
PF-03,乐事 青柠味薯片,量贩零食,零食很忙,是,,,,标价,,,门店实地采价,,
PF-03,乐事 青柠味薯片,量贩零食,赵一鸣零食,是,,,,标价,,,门店实地采价,,
PF-03,乐事 青柠味薯片,商超,大润发,否,,,,标价,,,门店实地采价,,
PF-03,乐事 青柠味薯片,商超,盒马鲜生,否,,,,标价,,,门店实地采价,,
PF-03,乐事 青柠味薯片,商超,永辉超市,否,,,,标价,,,门店实地采价,,
PF-03,乐事 青柠味薯片,电商,淘宝,否,,,,标价,,,门店实地采价,,
PF-03,乐事 青柠味薯片,电商,拼多多,否,,,,标价,,,门店实地采价,,
PF-04,好丽友 呀!土豆,量贩零食,零食很忙,是,,,,标价,,,门店实地采价,,
PF-04,好丽友 呀!土豆,量贩零食,赵一鸣零食,是,,,,标价,,,门店实地采价,,
PF-04,好丽友 呀!土豆,商超,大润发,否,,,,标价,,,门店实地采价,,
PF-04,好丽友 呀!土豆,商超,盒马鲜生,否,,,,标价,,,门店实地采价,,
PF-04,好丽友 呀!土豆,商超,永辉超市,否,,,,标价,,,门店实地采价,,
PF-04,好丽友 呀!土豆,电商,淘宝,否,,,,标价,,,门店实地采价,,
PF-04,好丽友 呀!土豆,电商,拼多多,否,,,,标价,,,门店实地采价,,
PF-05,好丽友 薯愿(原切薯条),量贩零食,零食很忙,是,,,,标价,,,门店实地采价,,
PF-05,好丽友 薯愿(原切薯条),量贩零食,赵一鸣零食,是,,,,标价,,,门店实地采价,,
PF-05,好丽友 薯愿(原切薯条),商超,大润发,否,,,,标价,,,门店实地采价,,
PF-05,好丽友 薯愿(原切薯条),商超,盒马鲜生,否,,,,标价,,,门店实地采价,,
PF-05,好丽友 薯愿(原切薯条),商超,永辉超市,否,,,,标价,,,门店实地采价,,
PF-05,好丽友 薯愿(原切薯条),电商,淘宝,否,,,,标价,,,门店实地采价,,
PF-05,好丽友 薯愿(原切薯条),电商,拼多多,否,,,,标价,,,门店实地采价,,
PF-06,上好佳 鲜虾片,量贩零食,零食很忙,是,,,,标价,,,门店实地采价,,
PF-06,上好佳 鲜虾片,量贩零食,赵一鸣零食,是,,,,标价,,,门店实地采价,,
PF-06,上好佳 鲜虾片,商超,大润发,否,,,,标价,,,门店实地采价,,
PF-06,上好佳 鲜虾片,商超,盒马鲜生,否,,,,标价,,,门店实地采价,,
PF-06,上好佳 鲜虾片,商超,永辉超市,否,,,,标价,,,门店实地采价,,
PF-06,上好佳 鲜虾片,电商,淘宝,否,,,,标价,,,门店实地采价,,
PF-06,上好佳 鲜虾片,电商,拼多多,否,,,,标价,,,门店实地采价,,
PF-07,旺旺 仙贝+雪饼 散称,量贩零食,零食很忙,是,,,,标价,,,门店实地采价,,
PF-07,旺旺 仙贝+雪饼 散称,量贩零食,赵一鸣零食,是,,,,标价,,,门店实地采价,,
PF-07,旺旺 仙贝+雪饼 散称,商超,大润发,否,,,,标价,,,门店实地采价,,
PF-07,旺旺 仙贝+雪饼 散称,商超,盒马鲜生,否,,,,标价,,,门店实地采价,,
PF-07,旺旺 仙贝+雪饼 散称,商超,永辉超市,否,,,,标价,,,门店实地采价,,
PF-07,旺旺 仙贝+雪饼 散称,电商,淘宝,否,,,,标价,,,门店实地采价,,
PF-07,旺旺 仙贝+雪饼 散称,电商,拼多多,否,,,,标价,,,门店实地采价,,
PF-08,乐事 散称薯片,量贩零食,零食很忙,是,,,,标价,,,门店实地采价,,
PF-08,乐事 散称薯片,量贩零食,赵一鸣零食,是,,,,标价,,,门店实地采价,,
PF-08,乐事 散称薯片,商超,大润发,否,,,,标价,,,门店实地采价,,
PF-08,乐事 散称薯片,商超,盒马鲜生,否,,,,标价,,,门店实地采价,,
PF-08,乐事 散称薯片,商超,永辉超市,否,,,,标价,,,门店实地采价,,
PF-08,乐事 散称薯片,电商,淘宝,否,,,,标价,,,门店实地采价,,
PF-08,乐事 散称薯片,电商,拼多多,否,,,,标价,,,门店实地采价,,
KY-01,卫龙 魔芋爽 香辣素毛肚 散装单包,量贩零食,零食很忙,是,,,,标价,,,门店实地采价,,
KY-01,卫龙 魔芋爽 香辣素毛肚 散装单包,量贩零食,赵一鸣零食,是,,,,标价,,,门店实地采价,,
KY-01,卫龙 魔芋爽 香辣素毛肚 散装单包,商超,大润发,否,,,,标价,,,门店实地采价,,
KY-01,卫龙 魔芋爽 香辣素毛肚 散装单包,商超,盒马鲜生,否,,,,标价,,,门店实地采价,,
KY-01,卫龙 魔芋爽 香辣素毛肚 散装单包,商超,永辉超市,否,,,,标价,,,门店实地采价,,
KY-01,卫龙 魔芋爽 香辣素毛肚 散装单包,电商,淘宝,否,,,,标价,,,门店实地采价,,
KY-01,卫龙 魔芋爽 香辣素毛肚 散装单包,电商,拼多多,否,,,,标价,,,门店实地采价,,
KY-02,卫龙 魔芋爽 素毛肚 袋装,量贩零食,零食很忙,是,,,,标价,,,门店实地采价,,
KY-02,卫龙 魔芋爽 素毛肚 袋装,量贩零食,赵一鸣零食,是,,,,标价,,,门店实地采价,,
KY-02,卫龙 魔芋爽 素毛肚 袋装,商超,大润发,否,,,,标价,,,门店实地采价,,
KY-02,卫龙 魔芋爽 素毛肚 袋装,商超,盒马鲜生,否,,,,标价,,,门店实地采价,,
KY-02,卫龙 魔芋爽 素毛肚 袋装,商超,永辉超市,否,,,,标价,,,门店实地采价,,
KY-02,卫龙 魔芋爽 素毛肚 袋装,电商,淘宝,否,,,,标价,,,门店实地采价,,
KY-02,卫龙 魔芋爽 素毛肚 袋装,电商,拼多多,否,,,,标价,,,门店实地采价,,
KY-03,卫龙 大面筋/亲嘴烧 辣条,量贩零食,零食很忙,是,,,,标价,,,门店实地采价,,
KY-03,卫龙 大面筋/亲嘴烧 辣条,量贩零食,赵一鸣零食,是,,,,标价,,,门店实地采价,,
KY-03,卫龙 大面筋/亲嘴烧 辣条,商超,大润发,否,,,,标价,,,门店实地采价,,
KY-03,卫龙 大面筋/亲嘴烧 辣条,商超,盒马鲜生,否,,,,标价,,,门店实地采价,,
KY-03,卫龙 大面筋/亲嘴烧 辣条,商超,永辉超市,否,,,,标价,,,门店实地采价,,
KY-03,卫龙 大面筋/亲嘴烧 辣条,电商,淘宝,否,,,,标价,,,门店实地采价,,
KY-03,卫龙 大面筋/亲嘴烧 辣条,电商,拼多多,否,,,,标价,,,门店实地采价,,
KY-04,盐津铺子 大魔王 麻酱味素毛肚魔芋爽,量贩零食,零食很忙,是,,,,标价,,,门店实地采价,,
KY-04,盐津铺子 大魔王 麻酱味素毛肚魔芋爽,量贩零食,赵一鸣零食,是,,,,标价,,,门店实地采价,,
KY-04,盐津铺子 大魔王 麻酱味素毛肚魔芋爽,商超,大润发,否,,,,标价,,,门店实地采价,,
KY-04,盐津铺子 大魔王 麻酱味素毛肚魔芋爽,商超,盒马鲜生,否,,,,标价,,,门店实地采价,,
KY-04,盐津铺子 大魔王 麻酱味素毛肚魔芋爽,商超,永辉超市,否,,,,标价,,,门店实地采价,,
KY-04,盐津铺子 大魔王 麻酱味素毛肚魔芋爽,电商,淘宝,否,,,,标价,,,门店实地采价,,
KY-04,盐津铺子 大魔王 麻酱味素毛肚魔芋爽,电商,拼多多,否,,,,标价,,,门店实地采价,,
KY-05,麻辣王子 麻辣条(面筋),量贩零食,零食很忙,是,,,,标价,,,门店实地采价,,
KY-05,麻辣王子 麻辣条(面筋),量贩零食,赵一鸣零食,是,,,,标价,,,门店实地采价,,
KY-05,麻辣王子 麻辣条(面筋),商超,大润发,否,,,,标价,,,门店实地采价,,
KY-05,麻辣王子 麻辣条(面筋),商超,盒马鲜生,否,,,,标价,,,门店实地采价,,
KY-05,麻辣王子 麻辣条(面筋),商超,永辉超市,否,,,,标价,,,门店实地采价,,
KY-05,麻辣王子 麻辣条(面筋),电商,淘宝,否,,,,标价,,,门店实地采价,,
KY-05,麻辣王子 麻辣条(面筋),电商,拼多多,否,,,,标价,,,门店实地采价,,
KY-06,劲仔 魔芋素肉/魔芋爽,量贩零食,零食很忙,是,,,,标价,,,门店实地采价,,
KY-06,劲仔 魔芋素肉/魔芋爽,量贩零食,赵一鸣零食,是,,,,标价,,,门店实地采价,,
KY-06,劲仔 魔芋素肉/魔芋爽,商超,大润发,否,,,,标价,,,门店实地采价,,
KY-06,劲仔 魔芋素肉/魔芋爽,商超,盒马鲜生,否,,,,标价,,,门店实地采价,,
KY-06,劲仔 魔芋素肉/魔芋爽,商超,永辉超市,否,,,,标价,,,门店实地采价,,
KY-06,劲仔 魔芋素肉/魔芋爽,电商,淘宝,否,,,,标价,,,门店实地采价,,
KY-06,劲仔 魔芋素肉/魔芋爽,电商,拼多多,否,,,,标价,,,门店实地采价,,
BG-01,奥利奥 原味夹心饼干,量贩零食,零食很忙,是,,,,标价,,,门店实地采价,,
BG-01,奥利奥 原味夹心饼干,量贩零食,赵一鸣零食,是,,,,标价,,,门店实地采价,,
BG-01,奥利奥 原味夹心饼干,商超,大润发,否,,,,标价,,,门店实地采价,,
BG-01,奥利奥 原味夹心饼干,商超,盒马鲜生,否,,,,标价,,,门店实地采价,,
BG-01,奥利奥 原味夹心饼干,商超,永辉超市,否,,,,标价,,,门店实地采价,,
BG-01,奥利奥 原味夹心饼干,电商,淘宝,否,,,,标价,,,门店实地采价,,
BG-01,奥利奥 原味夹心饼干,电商,拼多多,否,,,,标价,,,门店实地采价,,
BG-02,纳宝帝(丽芝士) 雅嘉奶酪威化,量贩零食,零食很忙,是,,,,标价,,,门店实地采价,,
BG-02,纳宝帝(丽芝士) 雅嘉奶酪威化,量贩零食,赵一鸣零食,是,,,,标价,,,门店实地采价,,
BG-02,纳宝帝(丽芝士) 雅嘉奶酪威化,商超,大润发,否,,,,标价,,,门店实地采价,,
BG-02,纳宝帝(丽芝士) 雅嘉奶酪威化,商超,盒马鲜生,否,,,,标价,,,门店实地采价,,
BG-02,纳宝帝(丽芝士) 雅嘉奶酪威化,商超,永辉超市,否,,,,标价,,,门店实地采价,,
BG-02,纳宝帝(丽芝士) 雅嘉奶酪威化,电商,淘宝,否,,,,标价,,,门店实地采价,,
BG-02,纳宝帝(丽芝士) 雅嘉奶酪威化,电商,拼多多,否,,,,标价,,,门店实地采价,,
BG-03,嘉士利 果乐果香 夹心饼干,量贩零食,零食很忙,是,,,,标价,,,门店实地采价,,
BG-03,嘉士利 果乐果香 夹心饼干,量贩零食,赵一鸣零食,是,,,,标价,,,门店实地采价,,
BG-03,嘉士利 果乐果香 夹心饼干,商超,大润发,否,,,,标价,,,门店实地采价,,
BG-03,嘉士利 果乐果香 夹心饼干,商超,盒马鲜生,否,,,,标价,,,门店实地采价,,
BG-03,嘉士利 果乐果香 夹心饼干,商超,永辉超市,否,,,,标价,,,门店实地采价,,
BG-03,嘉士利 果乐果香 夹心饼干,电商,淘宝,否,,,,标价,,,门店实地采价,,
BG-03,嘉士利 果乐果香 夹心饼干,电商,拼多多,否,,,,标价,,,门店实地采价,,
BG-04,趣多多 巧克力味曲奇,量贩零食,零食很忙,是,,,,标价,,,门店实地采价,,
BG-04,趣多多 巧克力味曲奇,量贩零食,赵一鸣零食,是,,,,标价,,,门店实地采价,,
BG-04,趣多多 巧克力味曲奇,商超,大润发,否,,,,标价,,,门店实地采价,,
BG-04,趣多多 巧克力味曲奇,商超,盒马鲜生,否,,,,标价,,,门店实地采价,,
BG-04,趣多多 巧克力味曲奇,商超,永辉超市,否,,,,标价,,,门店实地采价,,
BG-04,趣多多 巧克力味曲奇,电商,淘宝,否,,,,标价,,,门店实地采价,,
BG-04,趣多多 巧克力味曲奇,电商,拼多多,否,,,,标价,,,门店实地采价,,
HB-01,好丽友 巧克力派,量贩零食,零食很忙,是,,,,标价,,,门店实地采价,,
HB-01,好丽友 巧克力派,量贩零食,赵一鸣零食,是,,,,标价,,,门店实地采价,,
HB-01,好丽友 巧克力派,商超,大润发,否,,,,标价,,,门店实地采价,,
HB-01,好丽友 巧克力派,商超,盒马鲜生,否,,,,标价,,,门店实地采价,,
HB-01,好丽友 巧克力派,商超,永辉超市,否,,,,标价,,,门店实地采价,,
HB-01,好丽友 巧克力派,电商,淘宝,否,,,,标价,,,门店实地采价,,
HB-01,好丽友 巧克力派,电商,拼多多,否,,,,标价,,,门店实地采价,,
HB-02,达利园 蛋黄派,量贩零食,零食很忙,是,,,,标价,,,门店实地采价,,
HB-02,达利园 蛋黄派,量贩零食,赵一鸣零食,是,,,,标价,,,门店实地采价,,
HB-02,达利园 蛋黄派,商超,大润发,否,,,,标价,,,门店实地采价,,
HB-02,达利园 蛋黄派,商超,盒马鲜生,否,,,,标价,,,门店实地采价,,
HB-02,达利园 蛋黄派,商超,永辉超市,否,,,,标价,,,门店实地采价,,
HB-02,达利园 蛋黄派,电商,淘宝,否,,,,标价,,,门店实地采价,,
HB-02,达利园 蛋黄派,电商,拼多多,否,,,,标价,,,门店实地采价,,
HB-03,盼盼 法式小面包(乳酸菌小面包),量贩零食,零食很忙,是,,,,标价,,,门店实地采价,,
HB-03,盼盼 法式小面包(乳酸菌小面包),量贩零食,赵一鸣零食,是,,,,标价,,,门店实地采价,,
HB-03,盼盼 法式小面包(乳酸菌小面包),商超,大润发,否,,,,标价,,,门店实地采价,,
HB-03,盼盼 法式小面包(乳酸菌小面包),商超,盒马鲜生,否,,,,标价,,,门店实地采价,,
HB-03,盼盼 法式小面包(乳酸菌小面包),商超,永辉超市,否,,,,标价,,,门店实地采价,,
HB-03,盼盼 法式小面包(乳酸菌小面包),电商,淘宝,否,,,,标价,,,门店实地采价,,
HB-03,盼盼 法式小面包(乳酸菌小面包),电商,拼多多,否,,,,标价,,,门店实地采价,,
HB-04,桃李 吐司面包(醇熟),量贩零食,零食很忙,是,,,,标价,,,门店实地采价,,
HB-04,桃李 吐司面包(醇熟),量贩零食,赵一鸣零食,是,,,,标价,,,门店实地采价,,
HB-04,桃李 吐司面包(醇熟),商超,大润发,否,,,,标价,,,门店实地采价,,
HB-04,桃李 吐司面包(醇熟),商超,盒马鲜生,否,,,,标价,,,门店实地采价,,
HB-04,桃李 吐司面包(醇熟),商超,永辉超市,否,,,,标价,,,门店实地采价,,
HB-04,桃李 吐司面包(醇熟),电商,淘宝,否,,,,标价,,,门店实地采价,,
HB-04,桃李 吐司面包(醇熟),电商,拼多多,否,,,,标价,,,门店实地采价,,
HB-05,友臣 肉松饼,量贩零食,零食很忙,是,,,,标价,,,门店实地采价,,
HB-05,友臣 肉松饼,量贩零食,赵一鸣零食,是,,,,标价,,,门店实地采价,,
HB-05,友臣 肉松饼,商超,大润发,否,,,,标价,,,门店实地采价,,
HB-05,友臣 肉松饼,商超,盒马鲜生,否,,,,标价,,,门店实地采价,,
HB-05,友臣 肉松饼,商超,永辉超市,否,,,,标价,,,门店实地采价,,
HB-05,友臣 肉松饼,电商,淘宝,否,,,,标价,,,门店实地采价,,
HB-05,友臣 肉松饼,电商,拼多多,否,,,,标价,,,门店实地采价,,
TG-01,徐福记 沙琪玛/酥心糖,量贩零食,零食很忙,是,,,,标价,,,门店实地采价,,
TG-01,徐福记 沙琪玛/酥心糖,量贩零食,赵一鸣零食,是,,,,标价,,,门店实地采价,,
TG-01,徐福记 沙琪玛/酥心糖,商超,大润发,否,,,,标价,,,门店实地采价,,
TG-01,徐福记 沙琪玛/酥心糖,商超,盒马鲜生,否,,,,标价,,,门店实地采价,,
TG-01,徐福记 沙琪玛/酥心糖,商超,永辉超市,否,,,,标价,,,门店实地采价,,
TG-01,徐福记 沙琪玛/酥心糖,电商,淘宝,否,,,,标价,,,门店实地采价,,
TG-01,徐福记 沙琪玛/酥心糖,电商,拼多多,否,,,,标价,,,门店实地采价,,
TG-02,德芙 丝滑牛奶巧克力,量贩零食,零食很忙,是,,,,标价,,,门店实地采价,,
TG-02,德芙 丝滑牛奶巧克力,量贩零食,赵一鸣零食,是,,,,标价,,,门店实地采价,,
TG-02,德芙 丝滑牛奶巧克力,商超,大润发,否,,,,标价,,,门店实地采价,,
TG-02,德芙 丝滑牛奶巧克力,商超,盒马鲜生,否,,,,标价,,,门店实地采价,,
TG-02,德芙 丝滑牛奶巧克力,商超,永辉超市,否,,,,标价,,,门店实地采价,,
TG-02,德芙 丝滑牛奶巧克力,电商,淘宝,否,,,,标价,,,门店实地采价,,
TG-02,德芙 丝滑牛奶巧克力,电商,拼多多,否,,,,标价,,,门店实地采价,,
TG-03,喜之郎 蒟蒻果冻,量贩零食,零食很忙,是,,,,标价,,,门店实地采价,,
TG-03,喜之郎 蒟蒻果冻,量贩零食,赵一鸣零食,是,,,,标价,,,门店实地采价,,
TG-03,喜之郎 蒟蒻果冻,商超,大润发,否,,,,标价,,,门店实地采价,,
TG-03,喜之郎 蒟蒻果冻,商超,盒马鲜生,否,,,,标价,,,门店实地采价,,
TG-03,喜之郎 蒟蒻果冻,商超,永辉超市,否,,,,标价,,,门店实地采价,,
TG-03,喜之郎 蒟蒻果冻,电商,淘宝,否,,,,标价,,,门店实地采价,,
TG-03,喜之郎 蒟蒻果冻,电商,拼多多,否,,,,标价,,,门店实地采价,,
TG-04,阿尔卑斯 棒棒糖/硬糖,量贩零食,零食很忙,是,,,,标价,,,门店实地采价,,
TG-04,阿尔卑斯 棒棒糖/硬糖,量贩零食,赵一鸣零食,是,,,,标价,,,门店实地采价,,
TG-04,阿尔卑斯 棒棒糖/硬糖,商超,大润发,否,,,,标价,,,门店实地采价,,
TG-04,阿尔卑斯 棒棒糖/硬糖,商超,盒马鲜生,否,,,,标价,,,门店实地采价,,
TG-04,阿尔卑斯 棒棒糖/硬糖,商超,永辉超市,否,,,,标价,,,门店实地采价,,
TG-04,阿尔卑斯 棒棒糖/硬糖,电商,淘宝,否,,,,标价,,,门店实地采价,,
TG-04,阿尔卑斯 棒棒糖/硬糖,电商,拼多多,否,,,,标价,,,门店实地采价,,
JG-01,洽洽 香瓜子 原味,量贩零食,零食很忙,是,,,,标价,,,门店实地采价,,
JG-01,洽洽 香瓜子 原味,量贩零食,赵一鸣零食,是,,,,标价,,,门店实地采价,,
JG-01,洽洽 香瓜子 原味,商超,大润发,否,,,,标价,,,门店实地采价,,
JG-01,洽洽 香瓜子 原味,商超,盒马鲜生,否,,,,标价,,,门店实地采价,,
JG-01,洽洽 香瓜子 原味,商超,永辉超市,否,,,,标价,,,门店实地采价,,
JG-01,洽洽 香瓜子 原味,电商,淘宝,否,,,,标价,,,门店实地采价,,
JG-01,洽洽 香瓜子 原味,电商,拼多多,否,,,,标价,,,门店实地采价,,
JG-02,洽洽 小黄袋 每日坚果,量贩零食,零食很忙,是,,,,标价,,,门店实地采价,,
JG-02,洽洽 小黄袋 每日坚果,量贩零食,赵一鸣零食,是,,,,标价,,,门店实地采价,,
JG-02,洽洽 小黄袋 每日坚果,商超,大润发,否,,,,标价,,,门店实地采价,,
JG-02,洽洽 小黄袋 每日坚果,商超,盒马鲜生,否,,,,标价,,,门店实地采价,,
JG-02,洽洽 小黄袋 每日坚果,商超,永辉超市,否,,,,标价,,,门店实地采价,,
JG-02,洽洽 小黄袋 每日坚果,电商,淘宝,否,,,,标价,,,门店实地采价,,
JG-02,洽洽 小黄袋 每日坚果,电商,拼多多,否,,,,标价,,,门店实地采价,,
JG-03,甘源 蟹黄味瓜子仁/兰花豆,量贩零食,零食很忙,是,,,,标价,,,门店实地采价,,
JG-03,甘源 蟹黄味瓜子仁/兰花豆,量贩零食,赵一鸣零食,是,,,,标价,,,门店实地采价,,
JG-03,甘源 蟹黄味瓜子仁/兰花豆,商超,大润发,否,,,,标价,,,门店实地采价,,
JG-03,甘源 蟹黄味瓜子仁/兰花豆,商超,盒马鲜生,否,,,,标价,,,门店实地采价,,
JG-03,甘源 蟹黄味瓜子仁/兰花豆,商超,永辉超市,否,,,,标价,,,门店实地采价,,
JG-03,甘源 蟹黄味瓜子仁/兰花豆,电商,淘宝,否,,,,标价,,,门店实地采价,,
JG-03,甘源 蟹黄味瓜子仁/兰花豆,电商,拼多多,否,,,,标价,,,门店实地采价,,
JG-04,三只松鼠 夏威夷果/碧根果,量贩零食,零食很忙,是,,,,标价,,,门店实地采价,,
JG-04,三只松鼠 夏威夷果/碧根果,量贩零食,赵一鸣零食,是,,,,标价,,,门店实地采价,,
JG-04,三只松鼠 夏威夷果/碧根果,商超,大润发,否,,,,标价,,,门店实地采价,,
JG-04,三只松鼠 夏威夷果/碧根果,商超,盒马鲜生,否,,,,标价,,,门店实地采价,,
JG-04,三只松鼠 夏威夷果/碧根果,商超,永辉超市,否,,,,标价,,,门店实地采价,,
JG-04,三只松鼠 夏威夷果/碧根果,电商,淘宝,否,,,,标价,,,门店实地采价,,
JG-04,三只松鼠 夏威夷果/碧根果,电商,拼多多,否,,,,标价,,,门店实地采价,,
MJ-01,溜溜梅 西梅/雪梅,量贩零食,零食很忙,是,,,,标价,,,门店实地采价,,
MJ-01,溜溜梅 西梅/雪梅,量贩零食,赵一鸣零食,是,,,,标价,,,门店实地采价,,
MJ-01,溜溜梅 西梅/雪梅,商超,大润发,否,,,,标价,,,门店实地采价,,
MJ-01,溜溜梅 西梅/雪梅,商超,盒马鲜生,否,,,,标价,,,门店实地采价,,
MJ-01,溜溜梅 西梅/雪梅,商超,永辉超市,否,,,,标价,,,门店实地采价,,
MJ-01,溜溜梅 西梅/雪梅,电商,淘宝,否,,,,标价,,,门店实地采价,,
MJ-01,溜溜梅 西梅/雪梅,电商,拼多多,否,,,,标价,,,门店实地采价,,
MJ-02,溜溜梅 话梅,量贩零食,零食很忙,是,,,,标价,,,门店实地采价,,
MJ-02,溜溜梅 话梅,量贩零食,赵一鸣零食,是,,,,标价,,,门店实地采价,,
MJ-02,溜溜梅 话梅,商超,大润发,否,,,,标价,,,门店实地采价,,
MJ-02,溜溜梅 话梅,商超,盒马鲜生,否,,,,标价,,,门店实地采价,,
MJ-02,溜溜梅 话梅,商超,永辉超市,否,,,,标价,,,门店实地采价,,
MJ-02,溜溜梅 话梅,电商,淘宝,否,,,,标价,,,门店实地采价,,
MJ-02,溜溜梅 话梅,电商,拼多多,否,,,,标价,,,门店实地采价,,
MJ-03,百草味/佰味葫芦 芒果干,量贩零食,零食很忙,是,,,,标价,,,门店实地采价,,
MJ-03,百草味/佰味葫芦 芒果干,量贩零食,赵一鸣零食,是,,,,标价,,,门店实地采价,,
MJ-03,百草味/佰味葫芦 芒果干,商超,大润发,否,,,,标价,,,门店实地采价,,
MJ-03,百草味/佰味葫芦 芒果干,商超,盒马鲜生,否,,,,标价,,,门店实地采价,,
MJ-03,百草味/佰味葫芦 芒果干,商超,永辉超市,否,,,,标价,,,门店实地采价,,
MJ-03,百草味/佰味葫芦 芒果干,电商,淘宝,否,,,,标价,,,门店实地采价,,
MJ-03,百草味/佰味葫芦 芒果干,电商,拼多多,否,,,,标价,,,门店实地采价,,
RZ-01,劲仔 深海小鱼 香辣味,量贩零食,零食很忙,是,,,,标价,,,门店实地采价,,
RZ-01,劲仔 深海小鱼 香辣味,量贩零食,赵一鸣零食,是,,,,标价,,,门店实地采价,,
RZ-01,劲仔 深海小鱼 香辣味,商超,大润发,否,,,,标价,,,门店实地采价,,
RZ-01,劲仔 深海小鱼 香辣味,商超,盒马鲜生,否,,,,标价,,,门店实地采价,,
RZ-01,劲仔 深海小鱼 香辣味,商超,永辉超市,否,,,,标价,,,门店实地采价,,
RZ-01,劲仔 深海小鱼 香辣味,电商,淘宝,否,,,,标价,,,门店实地采价,,
RZ-01,劲仔 深海小鱼 香辣味,电商,拼多多,否,,,,标价,,,门店实地采价,,
RZ-02,盐津铺子(蛋皇) 卤蛋/鹌鹑蛋,量贩零食,零食很忙,是,,,,标价,,,门店实地采价,,
RZ-02,盐津铺子(蛋皇) 卤蛋/鹌鹑蛋,量贩零食,赵一鸣零食,是,,,,标价,,,门店实地采价,,
RZ-02,盐津铺子(蛋皇) 卤蛋/鹌鹑蛋,商超,大润发,否,,,,标价,,,门店实地采价,,
RZ-02,盐津铺子(蛋皇) 卤蛋/鹌鹑蛋,商超,盒马鲜生,否,,,,标价,,,门店实地采价,,
RZ-02,盐津铺子(蛋皇) 卤蛋/鹌鹑蛋,商超,永辉超市,否,,,,标价,,,门店实地采价,,
RZ-02,盐津铺子(蛋皇) 卤蛋/鹌鹑蛋,电商,淘宝,否,,,,标价,,,门店实地采价,,
RZ-02,盐津铺子(蛋皇) 卤蛋/鹌鹑蛋,电商,拼多多,否,,,,标价,,,门店实地采价,,
RZ-03,王小卤 虎皮凤爪,量贩零食,零食很忙,是,,,,标价,,,门店实地采价,,
RZ-03,王小卤 虎皮凤爪,量贩零食,赵一鸣零食,是,,,,标价,,,门店实地采价,,
RZ-03,王小卤 虎皮凤爪,商超,大润发,否,,,,标价,,,门店实地采价,,
RZ-03,王小卤 虎皮凤爪,商超,盒马鲜生,否,,,,标价,,,门店实地采价,,
RZ-03,王小卤 虎皮凤爪,商超,永辉超市,否,,,,标价,,,门店实地采价,,
RZ-03,王小卤 虎皮凤爪,电商,淘宝,否,,,,标价,,,门店实地采价,,
RZ-03,王小卤 虎皮凤爪,电商,拼多多,否,,,,标价,,,门店实地采价,,
RZ-04,有友 泡椒凤爪,量贩零食,零食很忙,是,,,,标价,,,门店实地采价,,
RZ-04,有友 泡椒凤爪,量贩零食,赵一鸣零食,是,,,,标价,,,门店实地采价,,
RZ-04,有友 泡椒凤爪,商超,大润发,否,,,,标价,,,门店实地采价,,
RZ-04,有友 泡椒凤爪,商超,盒马鲜生,否,,,,标价,,,门店实地采价,,
RZ-04,有友 泡椒凤爪,商超,永辉超市,否,,,,标价,,,门店实地采价,,
RZ-04,有友 泡椒凤爪,电商,淘宝,否,,,,标价,,,门店实地采价,,
RZ-04,有友 泡椒凤爪,电商,拼多多,否,,,,标价,,,门店实地采价,,
RZ-05,双汇 火腿肠(玉米热狗肠),量贩零食,零食很忙,是,,,,标价,,,门店实地采价,,
RZ-05,双汇 火腿肠(玉米热狗肠),量贩零食,赵一鸣零食,是,,,,标价,,,门店实地采价,,
RZ-05,双汇 火腿肠(玉米热狗肠),商超,大润发,否,,,,标价,,,门店实地采价,,
RZ-05,双汇 火腿肠(玉米热狗肠),商超,盒马鲜生,否,,,,标价,,,门店实地采价,,
RZ-05,双汇 火腿肠(玉米热狗肠),商超,永辉超市,否,,,,标价,,,门店实地采价,,
RZ-05,双汇 火腿肠(玉米热狗肠),电商,淘宝,否,,,,标价,,,门店实地采价,,
RZ-05,双汇 火腿肠(玉米热狗肠),电商,拼多多,否,,,,标价,,,门店实地采价,,
YL-01,怡宝 饮用纯净水,量贩零食,零食很忙,是,,,,标价,,,门店实地采价,,
YL-01,怡宝 饮用纯净水,量贩零食,赵一鸣零食,是,,,,标价,,,门店实地采价,,
YL-01,怡宝 饮用纯净水,商超,大润发,否,,,,标价,,,门店实地采价,,
YL-01,怡宝 饮用纯净水,商超,盒马鲜生,否,,,,标价,,,门店实地采价,,
YL-01,怡宝 饮用纯净水,商超,永辉超市,否,,,,标价,,,门店实地采价,,
YL-01,怡宝 饮用纯净水,电商,淘宝,否,,,,标价,,,门店实地采价,,
YL-01,怡宝 饮用纯净水,电商,拼多多,否,,,,标价,,,门店实地采价,,
YL-02,农夫山泉 天然水 红瓶,量贩零食,零食很忙,是,,,,标价,,,门店实地采价,,
YL-02,农夫山泉 天然水 红瓶,量贩零食,赵一鸣零食,是,,,,标价,,,门店实地采价,,
YL-02,农夫山泉 天然水 红瓶,商超,大润发,否,,,,标价,,,门店实地采价,,
YL-02,农夫山泉 天然水 红瓶,商超,盒马鲜生,否,,,,标价,,,门店实地采价,,
YL-02,农夫山泉 天然水 红瓶,商超,永辉超市,否,,,,标价,,,门店实地采价,,
YL-02,农夫山泉 天然水 红瓶,电商,淘宝,否,,,,标价,,,门店实地采价,,
YL-02,农夫山泉 天然水 红瓶,电商,拼多多,否,,,,标价,,,门店实地采价,,
YL-03,康师傅 冰红茶,量贩零食,零食很忙,是,,,,标价,,,门店实地采价,,
YL-03,康师傅 冰红茶,量贩零食,赵一鸣零食,是,,,,标价,,,门店实地采价,,
YL-03,康师傅 冰红茶,商超,大润发,否,,,,标价,,,门店实地采价,,
YL-03,康师傅 冰红茶,商超,盒马鲜生,否,,,,标价,,,门店实地采价,,
YL-03,康师傅 冰红茶,商超,永辉超市,否,,,,标价,,,门店实地采价,,
YL-03,康师傅 冰红茶,电商,淘宝,否,,,,标价,,,门店实地采价,,
YL-03,康师傅 冰红茶,电商,拼多多,否,,,,标价,,,门店实地采价,,
YL-04,元气森林 白桃味气泡水,量贩零食,零食很忙,是,,,,标价,,,门店实地采价,,
YL-04,元气森林 白桃味气泡水,量贩零食,赵一鸣零食,是,,,,标价,,,门店实地采价,,
YL-04,元气森林 白桃味气泡水,商超,大润发,否,,,,标价,,,门店实地采价,,
YL-04,元气森林 白桃味气泡水,商超,盒马鲜生,否,,,,标价,,,门店实地采价,,
YL-04,元气森林 白桃味气泡水,商超,永辉超市,否,,,,标价,,,门店实地采价,,
YL-04,元气森林 白桃味气泡水,电商,淘宝,否,,,,标价,,,门店实地采价,,
YL-04,元气森林 白桃味气泡水,电商,拼多多,否,,,,标价,,,门店实地采价,,
YL-05,百事可乐 可乐 瓶装,量贩零食,零食很忙,是,,,,标价,,,门店实地采价,,
YL-05,百事可乐 可乐 瓶装,量贩零食,赵一鸣零食,是,,,,标价,,,门店实地采价,,
YL-05,百事可乐 可乐 瓶装,商超,大润发,否,,,,标价,,,门店实地采价,,
YL-05,百事可乐 可乐 瓶装,商超,盒马鲜生,否,,,,标价,,,门店实地采价,,
YL-05,百事可乐 可乐 瓶装,商超,永辉超市,否,,,,标价,,,门店实地采价,,
YL-05,百事可乐 可乐 瓶装,电商,淘宝,否,,,,标价,,,门店实地采价,,
YL-05,百事可乐 可乐 瓶装,电商,拼多多,否,,,,标价,,,门店实地采价,,
YL-06,脉动 青柠味维生素饮料,量贩零食,零食很忙,是,,,,标价,,,门店实地采价,,
YL-06,脉动 青柠味维生素饮料,量贩零食,赵一鸣零食,是,,,,标价,,,门店实地采价,,
YL-06,脉动 青柠味维生素饮料,商超,大润发,否,,,,标价,,,门店实地采价,,
YL-06,脉动 青柠味维生素饮料,商超,盒马鲜生,否,,,,标价,,,门店实地采价,,
YL-06,脉动 青柠味维生素饮料,商超,永辉超市,否,,,,标价,,,门店实地采价,,
YL-06,脉动 青柠味维生素饮料,电商,淘宝,否,,,,标价,,,门店实地采价,,
YL-06,脉动 青柠味维生素饮料,电商,拼多多,否,,,,标价,,,门店实地采价,,
YL-07,康师傅 茉莉花茶(茉莉蜜茶),量贩零食,零食很忙,是,,,,标价,,,门店实地采价,,
YL-07,康师傅 茉莉花茶(茉莉蜜茶),量贩零食,赵一鸣零食,是,,,,标价,,,门店实地采价,,
YL-07,康师傅 茉莉花茶(茉莉蜜茶),商超,大润发,否,,,,标价,,,门店实地采价,,
YL-07,康师傅 茉莉花茶(茉莉蜜茶),商超,盒马鲜生,否,,,,标价,,,门店实地采价,,
YL-07,康师傅 茉莉花茶(茉莉蜜茶),商超,永辉超市,否,,,,标价,,,门店实地采价,,
YL-07,康师傅 茉莉花茶(茉莉蜜茶),电商,淘宝,否,,,,标价,,,门店实地采价,,
YL-07,康师傅 茉莉花茶(茉莉蜜茶),电商,拼多多,否,,,,标价,,,门店实地采价,,
YL-08,农夫山泉东方树叶 无糖茶,量贩零食,零食很忙,是,,,,标价,,,门店实地采价,,
YL-08,农夫山泉东方树叶 无糖茶,量贩零食,赵一鸣零食,是,,,,标价,,,门店实地采价,,
YL-08,农夫山泉东方树叶 无糖茶,商超,大润发,否,,,,标价,,,门店实地采价,,
YL-08,农夫山泉东方树叶 无糖茶,商超,盒马鲜生,否,,,,标价,,,门店实地采价,,
YL-08,农夫山泉东方树叶 无糖茶,商超,永辉超市,否,,,,标价,,,门店实地采价,,
YL-08,农夫山泉东方树叶 无糖茶,电商,淘宝,否,,,,标价,,,门店实地采价,,
YL-08,农夫山泉东方树叶 无糖茶,电商,拼多多,否,,,,标价,,,门店实地采价,,
FB-01,统一 老坛酸菜牛肉面 桶装,量贩零食,零食很忙,是,,,,标价,,,门店实地采价,,
FB-01,统一 老坛酸菜牛肉面 桶装,量贩零食,赵一鸣零食,是,,,,标价,,,门店实地采价,,
FB-01,统一 老坛酸菜牛肉面 桶装,商超,大润发,否,,,,标价,,,门店实地采价,,
FB-01,统一 老坛酸菜牛肉面 桶装,商超,盒马鲜生,否,,,,标价,,,门店实地采价,,
FB-01,统一 老坛酸菜牛肉面 桶装,商超,永辉超市,否,,,,标价,,,门店实地采价,,
FB-01,统一 老坛酸菜牛肉面 桶装,电商,淘宝,否,,,,标价,,,门店实地采价,,
FB-01,统一 老坛酸菜牛肉面 桶装,电商,拼多多,否,,,,标价,,,门店实地采价,,
FB-02,康师傅 红烧牛肉面 桶装,量贩零食,零食很忙,是,,,,标价,,,门店实地采价,,
FB-02,康师傅 红烧牛肉面 桶装,量贩零食,赵一鸣零食,是,,,,标价,,,门店实地采价,,
FB-02,康师傅 红烧牛肉面 桶装,商超,大润发,否,,,,标价,,,门店实地采价,,
FB-02,康师傅 红烧牛肉面 桶装,商超,盒马鲜生,否,,,,标价,,,门店实地采价,,
FB-02,康师傅 红烧牛肉面 桶装,商超,永辉超市,否,,,,标价,,,门店实地采价,,
FB-02,康师傅 红烧牛肉面 桶装,电商,淘宝,否,,,,标价,,,门店实地采价,,
FB-02,康师傅 红烧牛肉面 桶装,电商,拼多多,否,,,,标价,,,门店实地采价,,
FB-03,杨掌柜 粉面菜蛋,量贩零食,零食很忙,是,,,,标价,,,门店实地采价,,
FB-03,杨掌柜 粉面菜蛋,量贩零食,赵一鸣零食,是,,,,标价,,,门店实地采价,,
FB-03,杨掌柜 粉面菜蛋,商超,大润发,否,,,,标价,,,门店实地采价,,
FB-03,杨掌柜 粉面菜蛋,商超,盒马鲜生,否,,,,标价,,,门店实地采价,,
FB-03,杨掌柜 粉面菜蛋,商超,永辉超市,否,,,,标价,,,门店实地采价,,
FB-03,杨掌柜 粉面菜蛋,电商,淘宝,否,,,,标价,,,门店实地采价,,
FB-03,杨掌柜 粉面菜蛋,电商,拼多多,否,,,,标价,,,门店实地采价,,
